{
    "tesseract1": {
        "avg_processing_time": 2.0084444999694826,
        "avg_iou": 0.2301887434617711,
        "avg_precision": 1.0,
        "avg_recall": 0.1881091105349086,
        "avg_f1_score": 0.2984240652639676,
        "images": {
            "1": {
                "processing_time": 1.5076265335083008,
                "iou_scores": [],
                "iou_avg": 0.28235506492162277,
                "precision": 1.0,
                "recall": 0.16666666666666666,
                "f1_score": 0.2857142857142857
            },
            "2": {
                "processing_time": 3.324028491973877,
                "iou_scores": [],
                "iou_avg": 0.19655667838045832,
                "precision": 1.0,
                "recall": 0.15517241379310345,
                "f1_score": 0.26865671641791045
            },
            "3": {
                "processing_time": 2.0506064891815186,
                "iou_scores": [],
                "iou_avg": 0.11327278862506024,
                "precision": 1.0,
                "recall": 0.01904761904761905,
                "f1_score": 0.037383177570093455
            },
            "4": {
                "processing_time": 5.967785358428955,
                "iou_scores": [],
                "iou_avg": 0.0763155515550145,
                "precision": 1.0,
                "recall": 0.027777777777777776,
                "f1_score": 0.05405405405405406
            },
            "5": {
                "processing_time": 1.6649549007415771,
                "iou_scores": [],
                "iou_avg": 0.1508098876566765,
                "precision": 1.0,
                "recall": 0.16129032258064516,
                "f1_score": 0.2777777777777778
            },
            "6": {
                "processing_time": 0.515648365020752,
                "iou_scores": [],
                "iou_avg": 0.37929831338616854,
                "precision": 1.0,
                "recall": 0.37735849056603776,
                "f1_score": 0.547945205479452
            },
            "7": {
                "processing_time": 0.7347574234008789,
                "iou_scores": [],
                "iou_avg": 0.23784065743708138,
                "precision": 1.0,
                "recall": 0.20754716981132076,
                "f1_score": 0.34375
            },
            "8": {
                "processing_time": 1.5106632709503174,
                "iou_scores": [],
                "iou_avg": 0.4141438365253436,
                "precision": 1.0,
                "recall": 0.42857142857142855,
                "f1_score": 0.6
            },
            "9": {
                "processing_time": 0.8081409931182861,
                "iou_scores": [],
                "iou_avg": 0.14097238185247532,
                "precision": 1.0,
                "recall": 0.1095890410958904,
                "f1_score": 0.19753086419753085
            },
            "10": {
                "processing_time": 2.0002331733703613,
                "iou_scores": [],
                "iou_avg": 0.3103222742778099,
                "precision": 1.0,
                "recall": 0.22807017543859648,
                "f1_score": 0.37142857142857144
            }
        }
    },
    "easyocr 0.2": {
        "avg_processing_time": 62.55096492767334,
        "avg_iou": 0.6001759988946348,
        "avg_precision": 1.0,
        "avg_recall": 0.6788392007270728,
        "avg_f1_score": 0.8066768357196457,
        "images": {
            "1": {
                "processing_time": 53.88736271858215,
                "iou_scores": [],
                "iou_avg": 0.6645754377371568,
                "precision": 1.0,
                "recall": 0.7777777777777778,
                "f1_score": 0.875
            },
            "2": {
                "processing_time": 58.191211462020874,
                "iou_scores": [],
                "iou_avg": 0.6291615638088917,
                "precision": 1.0,
                "recall": 0.7586206896551724,
                "f1_score": 0.8627450980392157
            },
            "3": {
                "processing_time": 82.57762336730957,
                "iou_scores": [],
                "iou_avg": 0.4962565469264612,
                "precision": 1.0,
                "recall": 0.5523809523809524,
                "f1_score": 0.7116564417177914
            },
            "4": {
                "processing_time": 74.73303580284119,
                "iou_scores": [],
                "iou_avg": 0.6199793739723285,
                "precision": 1.0,
                "recall": 0.6944444444444444,
                "f1_score": 0.819672131147541
            },
            "5": {
                "processing_time": 66.20364379882812,
                "iou_scores": [],
                "iou_avg": 0.5827294841025651,
                "precision": 1.0,
                "recall": 0.6967741935483871,
                "f1_score": 0.8212927756653993
            },
            "6": {
                "processing_time": 44.26492238044739,
                "iou_scores": [],
                "iou_avg": 0.5674578321810982,
                "precision": 1.0,
                "recall": 0.5849056603773585,
                "f1_score": 0.7380952380952381
            },
            "7": {
                "processing_time": 54.79601263999939,
                "iou_scores": [],
                "iou_avg": 0.6366513830186403,
                "precision": 1.0,
                "recall": 0.6981132075471698,
                "f1_score": 0.8222222222222222
            },
            "8": {
                "processing_time": 54.802162647247314,
                "iou_scores": [],
                "iou_avg": 0.6391361418812176,
                "precision": 1.0,
                "recall": 0.7285714285714285,
                "f1_score": 0.8429752066115702
            },
            "9": {
                "processing_time": 60.28885626792908,
                "iou_scores": [],
                "iou_avg": 0.5860286796961531,
                "precision": 1.0,
                "recall": 0.6301369863013698,
                "f1_score": 0.773109243697479
            },
            "10": {
                "processing_time": 75.76481819152832,
                "iou_scores": [],
                "iou_avg": 0.5797835456218351,
                "precision": 1.0,
                "recall": 0.6666666666666666,
                "f1_score": 0.8
            }
        }
    },
    "easyocr 0.5": {
        "avg_processing_time": 60.76371729373932,
        "avg_iou": 0.6001489618983509,
        "avg_precision": 1.0,
        "avg_recall": 0.6788392007270728,
        "avg_f1_score": 0.8066768357196457,
        "images": {
            "1": {
                "processing_time": 55.06729769706726,
                "iou_scores": [],
                "iou_avg": 0.6645754377371568,
                "precision": 1.0,
                "recall": 0.7777777777777778,
                "f1_score": 0.875
            },
            "2": {
                "processing_time": 58.092153549194336,
                "iou_scores": [],
                "iou_avg": 0.6291615638088917,
                "precision": 1.0,
                "recall": 0.7586206896551724,
                "f1_score": 0.8627450980392157
            },
            "3": {
                "processing_time": 82.12655091285706,
                "iou_scores": [],
                "iou_avg": 0.49560423120565233,
                "precision": 1.0,
                "recall": 0.5523809523809524,
                "f1_score": 0.7116564417177914
            },
            "4": {
                "processing_time": 74.37602376937866,
                "iou_scores": [],
                "iou_avg": 0.6199793739723285,
                "precision": 1.0,
                "recall": 0.6944444444444444,
                "f1_score": 0.819672131147541
            },
            "5": {
                "processing_time": 65.58827829360962,
                "iou_scores": [],
                "iou_avg": 0.5827294841025651,