{
    "EAST": {
        "avg_processing_time": 0.29689247608184816,
        "avg_iou": 0.04248095712282836,
        "avg_precision": 1.0,
        "avg_recall": 0.01237491249409808,
        "avg_f1_score": 0.02380662935708807,
        "images": {
            "1": {
                "processing_time": 0.33962559700012207,
                "iou_scores": [],
                "iou_avg": 0.09231576238267397,
                "precision": 1.0,
                "recall": 0.0,
                "f1_score": 0.0
            },
            "2": {
                "processing_time": 0.41339969635009766,
                "iou_scores": [],
                "iou_avg": 0.05800281062095936,
                "precision": 1.0,
                "recall": 0.0,
                "f1_score": 0.0
            },
            "3": {
                "processing_time": 0.2890815734863281,
                "iou_scores": [],
                "iou_avg": 0.022777570631174228,
                "precision": 1.0,
                "recall": 0.0,
                "f1_score": 0.0
            },
            "4": {
                "processing_time": 0.6868627071380615,
                "iou_scores": [],
                "iou_avg": 0.010790106646764507,
                "precision": 1.0,
                "recall": 0.009259259259259259,
                "f1_score": 0.018348623853211007
            },
            "5": {
                "processing_time": 0.26259398460388184,
                "iou_scores": [],
                "iou_avg": 0.0133302930155852,
                "precision": 1.0,
                "recall": 0.0064516129032258064,
                "f1_score": 0.012820512820512822
            },
            "6": {
                "processing_time": 0.1467597484588623,
                "iou_scores": [],
                "iou_avg": 0.09087763473350063,
                "precision": 1.0,
                "recall": 0.05660377358490566,
                "f1_score": 0.10714285714285715
            },
            "7": {
                "processing_time": 0.19120407104492188,
                "iou_scores": [],
                "iou_avg": 0.07080483745924344,
                "precision": 1.0,
                "recall": 0.03773584905660377,
                "f1_score": 0.07272727272727272
            },
            "8": {
                "processing_time": 0.2637977600097656,
                "iou_scores": [],
                "iou_avg": 0.019523571438493127,
                "precision": 1.0,
                "recall": 0.0,
                "f1_score": 0.0
            },
            "9": {
                "processing_time": 0.16726970672607422,
                "iou_scores": [],
                "iou_avg": 0.03610938067918853,
                "precision": 1.0,
                "recall": 0.0136986301369863,
                "f1_score": 0.027027027027027025
            },
            "10": {
                "processing_time": 0.2083299160003662,
                "iou_scores": [],
                "iou_avg": 0.010277603620700636,
                "precision": 1.0,
                "recall": 0.0,
                "f1_score": 0.0
            }
        }
    }
}